0,1,2,3,4,5,6,7,8,9,10,11,id
40.09,43.04,51.14,60.01,68.26,75.79,78.83,78.02,72.35,60.88,49.89,42.23,101
41.11,44.07,51.9,60.35,68.47,75.74,78.52,77.84,72.57,61.37,50.61,42.99,102
43.35,46.37,54.07,62.16,70.22,77.49,80.16,79.64,74.46,63.17,52.38,45.1,103
42.65,45.64,53.19,61.18,69.26,76.49,79.14,78.51,73.31,62.12,51.5,44.22,104
43.89,46.78,53.95,61.61,69.55,76.44,78.79,78.22,73.46,62.74,52.51,45.25,105
46.18,49.2,56.47,63.94,71.84,78.62,80.83,80.35,75.8,65,54.64,47.66,106
48.23,51.17,57.94,64.99,72.62,78.94,80.77,80.29,76.27,66.01,56.09,49.6,107
50.69,53.42,59.7,66.39,73.55,79.52,81.19,80.96,77.32,67.93,58.26,52.24,108
42.78,46.35,51.37,58.58,67.3,77.13,83.12,81.24,74.63,63.2,51.33,43.2,201
31.26,35.88,41.66,49.08,57.57,67.27,72.89,70.7,64.04,52.64,40.66,31.99,202
41.35,44.36,48.67,55.28,63.29,72.84,78.39,76.31,70.83,60.15,49.38,41.92,203
41.35,44.54,49.17,55.82,63.95,73.61,78.27,76.2,71.17,60.72,49.38,41.85,204
52.57,56.58,61.61,68.45,76.09,85.1,91.25,90.08,84.29,72.55,60.6,52.55,205
50.8,54.33,59.09,66.17,74.41,83.82,88.85,87.05,81.96,70.64,58.89,51.18,206
45.63,48.79,53.39,60.18,68.09,77.64,80.78,78.67,74.46,64.34,53.23,46.08,207
35.23,38.86,47.38,57.12,65.08,73.07,77.38,76.68,69.68,58.89,46.81,37.79,301
35.82,39.36,48.15,58,66,74.07,78.23,77.19,70.29,59.15,47.23,38.24,302
37.34,40.85,49.91,59.88,68.58,76.82,80.25,78.9,72.19,60.88,48.79,39.91,303
38.39,42.15,50.45,59.89,67.82,75.68,79.8,79.16,72.46,61.32,49.31,40.56,304
40.32,43.93,52.21,61.38,69.38,77.24,81.01,80.17,73.62,62.38,50.67,42.39,305
40.26,43.77,52.46,61.86,70.41,78.33,81.41,80.34,74.02,62.79,51.12,42.7,306
41.91,45.49,53.32,61.96,69.91,77.5,81.06,80.67,74.44,63.31,51.86,43.84,307
42.83,46.44,54.34,62.85,70.73,78.26,81.53,80.95,74.96,63.73,52.49,44.73,308
42.71,46.24,54.33,63.07,71.18,78.68,81.54,80.79,74.88,63.8,52.66,44.8,309
39.41,41.74,44.33,48.14,54.01,60.51,67.06,66.58,62.51,54.33,45.03,39.7,401
39.05,41.93,45.34,50.43,57.63,65.29,71.97,70.54,65.28,56.35,46.03,39.61,402
28.6,31.24,35.53,41.27,48.78,56.91,64.66,63.18,56.29,46.61,36.52,29.77,403
47.11,49.01,51.17,54.19,59.02,64.55,68.84,68.59,66.37,60.59,52.86,47.52,404
41.82,44.89,48.27,53.24,60.21,68.02,74.48,73.09,67.88,59.03,49.08,42.29,405
49.14,50.06,52.06,55.32,59.86,65.68,71.44,71.75,68.62,61.97,55.26,49.87,406
46.28,49.88,54.8,61.44,69.47,78.61,85.05,83.45,76.77,65.71,54.27,46.49,407
28.67,31.81,38.44,47.23,56.49,66.52,71.65,69.67,62.03,50.57,37.94,29.65,501
20.93,24.45,31.21,39.54,48.63,57.92,63.97,61.92,54.32,43.64,30.99,22.17,502
27.18,30.58,38.22,47.96,57.86,68.2,74.3,72.3,63.48,51.15,37.44,28.45,503
24.44,27.12,33.6,42.31,51.51,61.34,67.36,65.48,57.34,46.18,33.69,25.6,504
18.64,22.82,29.63,37.69,46.38,55.14,59.98,58.16,51.64,41.69,29.3,20.02,505
22.89,24.13,33.35,44.76,55.79,64.18,69.18,67.13,60.05,49.28,38.34,27.23,601
25.56,26.72,35.68,46.49,57.24,65.81,71.07,69.09,61.92,51.18,40.53,29.8,602
28.15,28.82,37.15,47.34,57.66,66.58,72.19,70.46,63.67,53.07,42.53,32.35,603
31.56,32.82,41.7,51.85,62.19,70.86,75.62,73.72,67.21,55.78,44.77,35.09,701
34.11,35.14,43.2,52.58,62.52,71.12,75.88,74.25,67.99,56.96,46.5,37.31,702
51.42,53.96,60.06,66.58,73.95,79.58,81.12,80.85,77.73,68.45,58.82,52.75,801
53.91,56.14,61.63,67.42,74.24,79.24,80.83,80.7,78.07,70.07,61.24,55.22,802
58.07,59.92,64.59,69.66,75.54,79.75,81.09,81.18,79.34,72.85,64.94,59.42,803
60.8,62.4,66.37,70.97,76.1,79.93,81.18,81.42,80,74.53,67.32,62.25,804
64.17,65.48,68.76,72.6,76.78,80.42,81.75,82.17,80.99,76.65,70.24,65.7,805
65.54,66.55,69.63,73.16,76.9,80.17,81.54,81.86,80.74,77.12,71.42,67.12,806
67.88,68.89,71.61,75.08,78.42,81.47,82.67,82.86,81.75,78.59,73.44,69.36,807
40.3,43.24,50.97,59.72,68.06,75.46,78.31,77.62,72.11,60.59,49.73,42.01,901
40.37,42.91,50.29,58.75,67.02,74.17,76.92,76.1,70.74,59.82,49.61,42.03,902
41.86,44.52,51.69,60.03,68.35,75.55,78.33,77.36,71.99,60.98,50.84,43.25,903
44.12,46.76,53.96,61.8,69.96,76.78,79,78.39,73.52,62.94,52.75,45.43,904
45.69,48.33,55.46,63.26,71.46,78.15,80.4,79.66,74.78,64.22,54.14,47.03,905
46.68,49.31,56.18,63.73,71.77,78.23,80.56,79.73,75,64.79,54.93,48.02,906
49.09,51.75,58.38,65.46,73.21,79.14,80.74,80.34,76.59,66.79,56.9,50.27,907
49.35,52.04,58.48,65.42,72.99,78.85,80.68,80.22,76.35,66.75,57.1,50.61,908
50.61,52.97,59.08,65.9,73.32,79.15,81.28,80.72,76.85,67.73,58.32,51.78,909
23.9,27.96,33.96,41.86,49.81,56.07,63.24,62.07,53.78,43.18,31.92,26.01,1001
26.86,30.98,36.42,43.33,50.85,57.36,65.06,64.22,56.12,45.99,34.81,28.37,1002
28.69,33.18,39.03,46.18,53.64,60.26,68.28,67.42,58.96,48.38,36.93,30.18,1003
21.6,25.2,30.5,38.15,46.12,53.16,61.6,60.21,51.98,41.62,29.66,22.69,1004
28.18,33.77,41.25,48.99,57.23,65.07,73.72,71.63,62.03,50.72,38.21,29.78,1005
26.84,30.49,36.32,43.33,51.53,59.67,69.28,67.3,58.1,47.22,35.41,28.07,1006
23.9,28.86,36.81,45.56,54.26,62.29,71,68.72,59.17,48.07,35.32,25.95,1007
17.74,21.5,28.03,36.81,45.3,52.95,61.68,59.97,51.16,40.23,27.33,19.2,1008
18.78,23.64,32.34,42.44,51.45,59.6,68.1,65.84,56.19,44.59,31.14,21.05,1009
20.45,24.26,30.77,39.86,48.8,56.95,65.56,63.81,54.61,43.38,30.64,21.99,1010
20.27,23.88,35.72,48.67,59.94,69.33,73.5,71.24,63.71,51.91,37.49,25.09,1101
21.58,24.77,35.97,48.11,59.21,68.81,73.27,71.26,64.03,52.2,38.3,26.21,1102
24.07,27.87,39.19,51.62,62.48,71.69,75.86,73.69,66.24,54.47,40.42,28.56,1103
24.02,27.56,38.79,51.06,61.89,71.15,74.97,72.8,65.78,53.94,40.02,28.35,1104
24.11,27.4,38.34,50.23,61.33,70.63,74.32,72.18,65.42,53.54,39.89,28.35,1105
27.38,31.07,41.71,53.39,63.71,72.74,76.72,74.79,67.62,55.94,42.58,31.42,1106
27.93,31.32,41.75,53.18,63.47,72.58,76.26,74.32,67.6,55.72,42.53,31.81,1107
31.31,34.79,44.72,55.68,65.31,74.08,77.9,76.16,69.19,57.67,44.91,34.72,1108
31.62,34.83,44.86,55.7,65.27,74.04,77.71,76.07,69.31,57.63,44.99,34.95,1109
23.52,26.26,36.97,48.6,59.79,69.32,73.21,71.12,64.39,52.55,39.38,27.81,1201
23.79,26.14,36.73,48.45,59.67,69.12,73.01,70.81,64.07,52.23,39.32,28.11,1202
23.81,25.84,36.33,48.22,59.42,68.83,72.8,70.65,63.93,51.97,39.32,28.07,1203
26.23,29.27,39.69,51.2,61.88,70.95,74.65,72.64,66.03,54.11,41.17,30.19,1204
26.58,29.31,39.6,50.93,61.59,70.66,74.33,72.32,65.77,53.83,41.26,30.45,1205
25.94,28.33,38.6,49.91,60.75,69.79,73.44,71.39,64.92,53.07,40.71,29.92,1206
30.38,33.43,43.4,54.51,64.42,73.18,76.75,75.07,68.46,56.57,44.09,33.99,1207
30.12,32.99,42.81,53.65,63.4,72.01,75.63,74.06,67.53,55.58,43.57,33.62,1208
29.69,32.34,42.16,53.03,63.03,71.58,75.34,73.7,67.22,55.23,43.21,33.22,1209
15.12,19.66,32.11,46.62,58.66,68.26,72.94,70.38,61.77,49.47,33.4,20.03,1301
14.59,19.16,31.8,46.3,58.45,67.97,72.33,69.74,61.51,49.52,33.56,19.93,1302
15.55,19.85,32.35,46.52,58.2,67.58,72,69.56,61.46,49.66,34.27,20.92,1303
18.15,22.63,34.76,48.52,59.98,69.43,74.02,71.54,63.25,51.26,35.6,22.77,1304
18.15,22.5,34.92,48.64,60.16,69.47,73.9,71.41,63.38,51.61,36.15,23.05,1305
19.22,23.21,35.46,48.8,60.14,69.49,73.82,71.42,63.57,51.77,36.94,24.26,1306
21.17,25.67,37.27,50.3,61.31,70.71,75.4,73.08,64.87,53.04,37.92,25.48,1307
21.42,25.75,37.49,50.28,61.36,70.62,75.43,73.16,65.02,53.43,38.5,25.99,1308
21.91,25.97,37.74,50.67,61.69,70.95,75.44,73.17,65.27,53.58,38.93,26.7,1309
27.37,31.18,39.55,50.38,60.39,70.85,76.83,74.75,65.77,53.26,39.02,29.29,1401
26.37,30.93,40.86,52.55,62.71,73.07,78.66,76.73,67.71,55.36,40.56,29.48,1402
26.05,30.75,41.41,53.22,63.49,73.02,77.94,76.08,67.63,55.91,41.5,29.88,1403
28.78,32.64,40.93,51.65,61.51,72.11,77.77,75.91,67.23,54.61,40.35,30.62,1404
28.58,33.02,42.64,53.85,63.76,74.12,79.61,78,69.18,56.83,42.21,31.39,1405
28.57,33.11,43.37,54.58,64.38,73.65,78.62,77.23,68.88,57.3,43.34,32.17,1406
30.87,34.96,43.23,53.75,63.59,73.9,79.06,77.38,68.96,56.37,42.3,32.56,1407
30.95,35.47,44.59,55.46,65.13,75.27,80.45,79.06,70.5,58.19,43.93,33.43,1408
31.57,36.17,45.75,56.59,65.75,74.89,79.78,78.71,70.64,59.07,45.49,34.78,1409
34.53,37.58,47.1,57.37,66.47,74.85,78.36,77.02,70.51,58.88,46.84,37.51,1501
33.95,36.74,45.91,55.98,65.03,73.2,76.66,75.45,69.23,57.51,45.95,36.93,1502
31.86,34.5,43.63,54.01,63.65,71.84,75.56,74.17,67.93,56.12,44.35,35.06,1503
33.96,36.65,45.16,54.81,63.72,71.36,74.83,73.67,67.78,56.18,45.02,36.53,1504
45.74,49.14,56.64,64.49,72.25,79.36,82.3,81.99,76.42,65.68,54.75,47.39,1601
45.4,48.79,56.35,64.19,71.82,78.82,81.55,81.18,75.75,65.08,54.39,47.1,1602
45.94,49.29,56.88,64.77,72.47,79.36,81.78,81.3,76.08,65.42,54.99,47.78,1603
47.95,51.16,58.19,65.59,72.88,79.34,81.78,81.6,76.61,66.43,56.25,49.42,1604
48.99,52.21,59.31,66.57,73.8,80.09,82.11,81.87,77.27,67.27,57.31,50.6,1605
50.35,53.24,59.91,66.68,73.72,79.73,81.45,81.19,77.3,67.75,58.09,51.88,1606
51.55,54.44,60.97,67.86,74.79,80.66,82.4,82.23,78.35,69.34,59.71,53.25,1607
52.2,54.98,61.34,68.05,74.87,80.44,81.96,81.79,78.27,69.29,59.95,53.85,1608
53.46,55.96,61.87,68.35,75.11,80.64,82.06,82.01,78.89,70.33,61.17,55.17,1609
10.17,12.2,23.06,36.43,49.32,58.79,64.16,61.8,53.59,42.63,30.15,16.21,1701
16.29,18.22,28.59,40.73,52.44,61.47,67.16,65.15,57.07,46.35,34.72,21.82,1702
20.16,21.39,30.74,41.44,51.96,60.66,66.62,65.15,57.92,47.81,37.05,25.22,1703
35.87,36.73,44.32,53.53,63.29,71.83,76.62,75.21,69.23,58.48,47.92,39,1801
34.47,35.69,44.04,53.76,63.71,72.25,76.84,75.02,68.73,57.6,46.93,37.64,1802
34.91,36.31,44.86,54.52,64.25,72.7,77.07,75.37,69.15,57.96,47.11,38.01,1803
33.95,35.44,44.09,54.04,63.98,72.41,76.81,75,68.64,57.24,46.4,37.1,1804
33.2,34.46,43.23,53.21,63.27,71.88,76.46,74.65,68.26,56.95,46.02,36.58,1805
31.11,32.6,41.56,51.84,62.12,70.47,74.98,73.02,66.51,55.11,44.03,34.41,1806
29.69,31.62,40.47,51.04,61.25,69.41,73.62,71.74,65.15,53.65,42.54,32.86,1807
25.91,27.53,36.07,46.5,56.63,64.27,67.97,66.32,60.3,49.4,38.59,29.19,1808
20.86,22.07,31.32,43.21,54.71,62.85,67.81,65.65,58.62,47.86,36.8,25.34,1901
23.54,24.88,34.16,45.37,56.52,65.09,70.43,68.21,60.77,49.94,39.06,27.92,1902
28.05,28.55,36.28,45.61,55.84,64.74,70.7,69.02,62.26,52.24,42.23,32.25,1903
11.82,13.57,23.83,37.89,50.41,59.85,64.91,62.77,55.01,43.89,29.71,17.41,2001
15.32,15.51,24.56,37.98,49.86,59.4,64.82,63.35,55.92,45.09,32.45,21.17,2002
18.6,18.42,27.65,40.88,52.42,62.22,67.08,65.04,57.87,46.91,34.52,23.79,2003
17.42,17.53,27.12,40.67,52.42,62.28,67.02,64.77,57.5,46.44,34.02,22.91,2004
20.99,21.45,30.76,43.47,54.76,64.17,68.83,66.86,59.64,48.47,36.4,25.88,2005
19.75,20.36,30.3,43.56,55.22,64.9,69.28,66.89,59.49,48.04,35.63,24.8,2006
20.85,21.5,31.22,43.84,55.25,65.15,69.78,67.67,60.77,49.25,37.05,26.08,2007
23.11,24.22,34.1,46.26,57.47,67.06,71.42,69.42,62.4,50.92,38.45,27.7,2008
21.96,23.13,33.41,45.89,57.29,66.88,71.18,68.95,61.82,50.1,37.53,26.56,2009
22.33,23.41,33.42,45.76,57.15,66.82,71.36,69.27,62.13,50.46,38.09,27.09,2010
2.89,8.02,22.47,40.41,53.61,63.21,68.21,65.83,56.04,43.51,25.49,9.97,2101
3.3,8.53,22.28,39.07,52.04,61.66,66.72,63.99,54.67,42.85,25.73,10.19,2102
4.2,8.93,21.66,37.17,49.9,59.25,64.47,62,53.17,41.58,25.29,10.46,2103
8.33,13.21,26.65,43.04,55.99,65.58,70.75,68.32,58.78,46.12,29.09,14.44,2104
9.33,14.1,27.38,43.43,56.11,65.75,70.74,68.03,58.93,46.51,29.88,15.3,2105
8.16,12.89,26.14,41.87,54.16,63.58,68.82,66.2,57.24,45.31,29.05,14.39,2106
12.37,16.93,29.42,44.66,57.2,66.86,71.77,69.19,60.36,47.92,31.4,17.6,2107
12.69,17.3,30.21,45.38,57.83,67.53,72.09,69.44,60.92,48.62,32.23,18.25,2108
12.76,17.13,29.96,44.96,56.96,66.44,71.19,68.69,60.18,48.14,32.31,18.49,2109
41.93,45.4,53.76,62.82,71.26,78.8,81.6,80.66,74.8,63.61,52.31,44.22,2201
41.38,44.64,52.92,61.92,70.19,77.71,80.73,79.86,74.11,62.81,51.58,43.62,2202
40.66,43.77,52.06,61.03,69.31,76.88,79.95,79.24,73.43,61.93,50.8,42.82,2203
44.43,47.78,55.76,64.1,72.14,79.28,81.75,81.08,75.64,64.8,54,46.44,2204
44.55,47.65,55.3,63.18,70.94,78,80.54,80.05,74.91,63.98,53.43,46.29,2205
43.71,46.82,54.6,62.7,70.7,77.94,80.58,80.08,74.75,63.54,52.84,45.55,2206
47.57,50.69,57.86,65.12,72.51,79.03,81.14,80.8,76.28,66.06,55.87,49.21,2207
47.93,50.94,57.82,64.96,72.35,78.88,80.9,80.51,75.99,65.74,55.77,49.37,2208
47.28,50.36,57.3,64.55,72.04,78.69,80.8,80.35,75.68,65.16,55.16,48.76,2209
50.09,52.99,59.36,66,73.06,79.13,80.82,80.61,76.77,67.34,57.63,51.6,2210
25.36,29.79,40.85,52.76,63.28,72.45,77.16,75.17,67.06,55.54,41.32,29.57,2301
27.17,31.03,41.74,53.47,63.66,72.66,77.2,75.36,67.59,56.06,42.43,31.2,2302
30.09,34.09,44.26,55.26,64.85,73.66,78.33,76.99,69.09,57.72,44.41,33.79,2303
32.8,36.53,45.76,56.12,64.8,73.21,77.71,76.68,69.23,58.13,45.6,35.78,2304
32.11,35.71,45.17,55.91,64.69,73.03,77.23,75.78,68.43,57.16,44.93,35.04,2305
35.33,38.82,48.26,58.79,68.05,76.5,79.86,78.24,71.35,59.93,47.63,38.22,2306
20.7,24.24,30.57,38.96,47.01,53.78,61.41,59.95,51.16,40.8,29.03,22.64,2401
18.6,21.78,27.43,36.25,44.92,52.45,60.69,59.04,50.01,39.68,27.49,20.27,2402
15.69,19.51,28.56,41.34,51.22,59.19,66.28,64.47,54.15,43.47,29.12,19.92,2403
20.36,23.65,30.52,40.81,49.84,57.81,65.46,63.91,54.02,43.73,31.2,23.34,2404
20.68,24.07,31.25,41.32,50.41,58.9,66.74,65,54.92,44.15,31.33,23.29,2405
11.14,15.59,27.29,42.38,53.26,62.15,69.31,67.27,56.08,43.99,27.99,16.2,2406
16.89,21.04,30.94,43.58,53.74,63.13,71.04,68.91,57.76,45.58,31,20.69,2407
23.83,27.05,34.84,45,54.88,65.07,72.03,70,60.22,47.93,34.45,25.57,2501
21.57,25.11,34.48,46.55,57.22,67.18,73.67,71.48,61.91,49.51,34.74,24.41,2502
19.23,23.41,34.8,48.36,59.64,69.49,74.75,72.23,63.3,50.97,35.47,23.15,2503
22.59,26.51,36.32,48.4,58.93,69.04,74.72,72.59,63.48,51.06,36.34,25.42,2505
21.79,26.14,37.17,50.07,60.99,70.87,76,73.62,64.93,52.8,37.56,25.56,2506
25.35,29.23,37.8,48.82,58.99,69.22,75.47,73.37,64.02,51.45,37.24,27.4,2507
24.55,28.88,38.57,50.36,60.55,70.86,76.52,74.45,65.36,52.94,38.23,27.33,2508
23.66,28.29,38.99,51.37,61.96,71.88,77.14,74.93,66.22,54.06,39.13,27.45,2509
30.02,34.41,39.74,46.13,54.44,63.07,71.89,69.78,61.13,50.17,38.43,30.77,2601
25.85,29.52,35.17,42.12,50.54,59.53,68.42,66.26,57.35,46.37,34.83,26.85,2602
31.54,35.25,40.86,47.93,56.31,66.06,73.4,71.13,63.16,51.97,40.25,32.35,2603
44.13,48.14,53.77,61.21,69.99,79.84,86.12,84.18,76.79,65.02,52.57,44.37,2604
13.52,14.98,25.19,37.98,50.39,59.39,64.29,62.04,54.63,43.6,31.6,18.71,2701
19.29,20.85,30.59,42.39,54.09,62.75,67.98,65.6,58.11,47.16,35.83,24.06,2702
26.89,28.21,37.11,48.23,58.74,67.28,72.17,70.19,63.36,52.23,41.31,30.91,2801
31.47,32.56,40.83,50.75,61.11,69.9,74.86,73.1,66.58,55.36,44.77,35.08,2802
32.4,33.02,40.51,49.71,59.83,68.86,74.25,73.03,66.98,56.18,45.65,36.12,2803
27.72,32.77,39.36,47.09,56.08,65.94,71.33,69.06,61.93,50.6,38.03,28.91,2901
27.13,30.76,36.79,44.46,53.16,62.37,66.52,64.84,58.33,47.96,36.24,28.11,2902
34.91,38.51,45.19,53.79,62.79,72.13,75.67,74.07,66.91,55.94,43.72,35.42,2903
31.04,34.57,39.77,46.83,55.27,64.51,67.98,65.71,60.12,50.2,39.07,31.61,2904
36.23,40.92,47.06,54.76,63.6,72.86,75.7,73.65,67.35,56.55,44.38,36.38,2905
32.56,36.01,41.55,48.94,57.48,66.5,69.06,67.38,61.5,51.64,40.53,33.1,2906
39.01,42.94,49.43,57.8,66.36,74.97,77.16,75.82,69.12,58.93,47.19,39.45,2907
40.64,44.76,50.49,57.94,66.56,75.82,78.05,76.03,70.48,60.2,48.39,40.82,2908
21.74,22.57,31.61,43.55,54.84,63.43,67.75,65.87,59.31,48.3,37.07,26.36,3001
20.94,21.92,31.06,43.22,54.64,63.17,67.84,65.85,58.94,47.96,36.75,25.64,3002
14.31,15.57,25.59,38.85,51.46,60.22,64.77,62.57,55.43,44.24,32.16,19.6,3003
30.22,30.7,38.29,47.9,58.14,67.35,73.05,71.7,65.24,54.72,44.33,34.51,3004
22.96,24.38,34.1,46.16,57.43,66,70.94,68.75,61.47,50.36,39,27.79,3005
19.22,20.41,30.22,43.25,55.32,64.08,68.86,66.73,59.5,48.19,36.39,24.46,3006
15.82,17.15,27.61,41.06,53.51,62.44,67.31,64.94,57.41,46.13,33.99,21.33,3007
14.53,16.06,26.97,41.21,53.85,62.92,67.64,65.4,57.81,46.38,34.11,20.44,3008
21.69,22.27,31.48,43.75,55.28,64.6,69.53,67.67,60.8,49.61,38.24,26.96,3009
22.2,22.9,31.86,43.98,55.57,64.68,69.47,67.52,60.61,49.47,38.13,27.2,3010
35.78,38.02,45.12,53.66,61.86,68.65,71.59,70.63,65.42,54.98,44.97,37.6,3101
34.96,37.11,44.56,53.38,61.96,69.21,72.38,71.22,65.63,54.92,44.73,36.87,3102
38.2,40.31,48.2,57.32,66.13,73.77,77.2,75.78,69.7,58.56,48.21,40.05,3103
39.32,41.59,49.35,58.19,66.89,74.32,77.56,76.25,70.45,59.42,49.01,41.02,3104
40.9,43.23,50.75,59.55,68.23,75.46,78.58,77.29,71.69,60.62,50.32,42.44,3105
43.68,45.6,52.81,61,69.33,76.22,79.28,78.18,73.19,62.66,52.7,45.22,3106
42.98,44.53,51.78,60.16,68.72,75.8,79.17,78.08,73,62.55,52.53,44.91,3107
40.7,42.34,49.82,58.53,67.31,74.8,78.4,77.13,71.76,61.07,50.83,42.87,3108
6.53,11.01,23.56,40.66,52.79,61.87,67.94,65.8,55.29,42.85,25.5,12.45,3201
4.02,8.72,22.14,40.19,53.03,62.32,67.94,65.65,55.39,42.63,24.46,10.31,3202
2.54,7.45,21.45,39.73,53.11,62.57,67.77,65.6,55.55,42.67,24.18,9.22,3203
9.46,13.9,26.11,42.01,53.67,62.88,69.37,67.44,56.84,44.31,27.58,15.06,3204
6.07,10.55,23.98,40.98,53.57,63.14,69.04,66.71,56.49,43.71,26.01,12.23,3205
5.44,10.35,24.61,41.83,54.79,64.32,69.74,67.49,57.38,44.5,26.61,11.97,3206
12.87,16.88,27.7,42.05,53.19,62.63,69.76,67.73,56.93,44.38,28.84,17.62,3207
9.69,13.94,26.53,42.45,54.36,63.83,70.39,68.21,57.83,44.85,27.89,15.18,3208
8.09,12.55,26.19,42.53,54.99,64.54,70.29,68.03,57.98,45.2,27.88,14.05,3209
24.83,26.67,36.83,48.54,59.97,69.42,73.48,71.21,64.52,52.55,40.11,29.06,3301
25.64,27.34,36.76,48.23,59.59,68.96,73.06,70.91,64.53,52.87,40.67,29.94,3302
24.99,26.09,35.3,46.64,57.68,66.7,70.99,69.06,62.83,51.52,39.9,29.48,3303
25.95,28.22,38.18,49.51,60.54,69.54,73.35,71.3,64.86,52.92,40.63,29.9,3304
27.14,29.51,39.16,50.25,61.06,69.73,73.54,71.62,65.15,53.25,41.27,30.99,3305
25.7,27.57,37.11,48.27,59.05,67.84,71.77,69.85,63.51,51.8,40.06,29.68,3306
26.37,28.03,37.34,48.36,59.02,67.55,71.62,69.82,63.53,51.83,40.34,30.28,3307
28.68,31.11,40.71,51.57,61.97,70.56,74.37,72.56,66.15,54.11,42.23,32.25,3308
30.57,33.03,42.22,52.69,62.45,70.47,74.19,72.7,66.41,54.6,43.17,33.8,3309
28.71,30.91,40.24,50.96,61.02,69.22,73.04,71.48,65.17,53.41,41.87,32.15,3310
33.5,37.35,45.34,55.42,64.85,74.76,79.6,78.12,70.01,57.87,44.33,34.97,3401
33.81,38.34,47.33,57.8,67.18,76.87,81.88,80.74,72.38,60.3,46.43,36.13,3402
35.07,39.58,48.68,59.25,67.8,76.47,81.3,80.44,72.58,61.12,48.1,38.05,3403
35.63,39.91,48.49,58.56,67.68,77.11,81.79,80.76,72.64,60.74,47.31,37.53,3404
36.92,41.38,50.12,60.29,68.73,77.5,82.25,81.56,73.71,62.18,49.25,39.42,3405
38.2,42.47,51.03,60.86,68.84,77.15,81.67,81.12,73.75,62.62,50.22,40.95,3406
38.21,42.55,51.19,60.99,69.74,78.8,83.15,82.41,74.5,62.84,49.8,40.13,3407
40.05,44.42,52.77,62.19,70.17,78.55,82.87,82.57,75.14,63.86,51.67,42.45,3408
40.04,43.94,51.93,61.06,68.83,76.74,80.79,80.43,73.69,62.65,50.92,42.25,3409
40.65,42.72,44.32,47.54,52.26,56.93,61.77,62.19,59.6,52.92,45.41,41.44,3501
38.34,41.28,44.21,48.44,53.9,59.09,64.73,64.8,60.39,52.33,43.76,39.21,3502
36.91,39.39,41.84,46.02,52.21,58.32,65.7,65.42,60.48,51.67,41.97,37.3,3503
32.26,34.63,37.13,41.46,47.5,53.51,60.54,60.38,55.35,46.85,37.55,33.29,3504
27.38,30.36,34.04,39.33,46.34,53.32,61.48,60.28,53.59,44.23,34.16,28.25,3505
30.74,35.34,41,46.9,53.91,60.7,68.11,67.11,59.57,49.53,38.55,32.35,3506
27.9,31.39,36.11,41.91,49.14,56.5,65.05,63.62,55.89,46.15,35.41,28.94,3507
25.65,29.67,34.87,41.33,48.54,55.36,63.78,62.73,55.12,44.97,33.7,27.11,3508
27.03,31.89,38.18,45.05,53.08,61.2,70.33,68.46,59.11,48.08,35.91,28.18,3509
22.79,24.01,33.1,44.91,55.83,64.12,68.75,66.71,59.7,48.86,37.86,27.02,3601
25.49,26.84,35.97,47.38,58.09,66.54,71.22,69.1,62.16,50.86,39.91,29.34,3602
28.82,30.22,39.29,50.08,60.64,69.27,73.99,71.94,65.12,53.65,42.62,32.5,3603
28.64,30.26,39.48,50.21,60.71,69.09,73.55,71.53,64.77,53.35,42.16,32.19,3604
25.72,27.15,36.7,48.14,58.9,67.16,71.56,69.63,62.73,51.31,40.04,29.68,3605
22.28,23.31,32.53,44.42,55.5,63.83,68.45,66.49,59.58,48.41,37.37,26.69,3606
24.12,25.3,34.68,46.17,57.14,65.16,69.27,67.57,60.87,49.77,38.57,28.24,3607
26.7,28.25,37.21,48.25,58.88,66.99,71.15,69.3,62.67,51.41,40.34,30.48,3608
26.9,28.46,37.46,48.37,58.82,67.01,70.92,69.25,63.03,51.65,40.47,30.67,3609
23.18,24.05,33.26,44.84,55.78,64.24,68.39,66.54,60.2,49.1,37.95,27.58,3610
27.36,28.13,36.23,46.08,56.35,64.94,70.64,69.07,62.34,52.09,41.84,31.53,3701
40.12,42.56,49.66,58.09,66.29,73.22,76.12,75.15,69.85,59.32,49.28,41.66,3801
41.56,44.1,51.41,60.01,68.56,75.83,78.79,77.68,72.14,61.05,50.71,42.97,3802
42.25,44.7,52.03,60.72,69.31,76.46,79.41,78.14,72.8,61.76,51.46,43.75,3803
45.04,47.08,54.28,62.24,70.64,77.46,80.28,79.16,74.16,63.68,53.68,46.42,3804
43.82,46.38,53.66,61.94,70.53,77.57,80.32,79.17,73.89,62.88,52.69,45.22,3805
45.34,47.65,54.79,62.85,71.22,77.86,80.53,79.45,74.48,63.92,53.92,46.67,3806
47.68,49.79,56.45,63.92,71.97,78.24,80.78,79.94,75.44,65.59,55.86,48.94,3807
16.17,19.87,29.95,43.6,54.24,64.01,71.57,69.59,58.81,46.21,30.98,20.17,3901
12.06,16.2,28.58,43.89,55.49,65.26,72.08,69.86,59.52,46.48,29.79,17.04,3902
9.47,14.09,27.46,43.31,55.64,65.27,71.07,68.79,59.01,46.1,28.97,15.15,3903
21.65,23.58,30.82,41.02,50.78,60.51,67.92,66.05,56.32,44.99,32,24.05,3904
20.86,24.37,33.59,45.56,55.91,65.92,73.57,71.62,61.31,48.64,33.94,23.93,3905
15.99,19.99,31.45,45.69,56.91,66.98,74.21,72,61.81,48.67,32.42,20.26,3906
12,16.63,29.35,44.55,56.56,66.28,72.16,69.77,60.25,47.29,30.66,17.16,3907
20.02,23.47,33.42,46.3,57.19,67.21,74.47,72.26,62.5,49.64,34.21,23.34,3908
16.12,20.54,32.53,46.9,58.49,68.34,74.13,71.66,62.35,49.64,33.49,20.6,3909
37,39.68,47.66,56.58,65.15,72.51,75.6,74.69,69.28,57.83,46.86,38.91,4001
36.27,38.91,47.28,56.32,64.63,71.95,75.05,74.15,68.64,57.44,46.53,38.49,4002
37.54,40.41,49.04,58.31,66.68,74.51,77.81,76.79,70.82,59.27,48.07,39.87,4003
37.83,41.05,49.96,59.67,68.4,76.37,79.55,78.32,71.99,60.51,48.93,40.43,4004
37.6,41.4,48.9,58.15,67.1,75.91,79.17,77.93,70.71,59.76,47.21,38.67,4101
41.18,45.21,53.17,62.62,71.08,79.48,83.03,82.28,74.74,63.83,51.47,42.63,4102
44.02,48.05,55.74,64.47,72.24,80.1,83.81,83.77,76.91,66.27,54.53,46.09,4103
46.99,50.49,57.66,65.46,72.89,79.8,82.73,82.7,77.12,67.08,56.27,48.75,4104
44.77,49.01,55.76,64.08,72.21,79.39,80.09,79,73.43,64.22,52.75,45.34,4105
46.47,50.47,57.81,65.96,73.45,80.1,82.5,82.27,76.22,66.57,55.29,47.63,4106
51.55,55.01,61.84,69.08,75.72,81.61,83.91,84.17,79.3,70.7,60.54,53.25,4107
52.51,55.42,61.74,68.65,75.39,81.04,83.01,83.12,79.05,70.76,61.1,54.38,4108
54.5,58.44,65.41,72.72,78.78,83.78,85.49,85.69,81.01,73.05,63.04,55.76,4109
59.27,62.67,68.69,75.01,80.08,83.93,85.12,85.57,82.04,75.6,67.19,60.72,4110
26.89,32.34,39.64,47.38,56.43,66.24,74.85,72.52,62.72,50.21,37.46,28.23,4201
38.65,42.88,48.41,55.76,64.61,74.52,80.71,78.82,71.53,60.07,47.58,39.14,4202
25.74,30.41,37.66,45.77,54.68,64.07,72.61,70.51,61.03,48.88,36.47,27.37,4203
26.34,29.87,35.85,43.2,51.96,61.62,68.45,66.23,58.44,47.28,35.63,27.27,4204
20.6,23.32,29.5,37.76,46.45,55.13,62.81,60.95,52.46,41.77,29.65,21.54,4205
19.1,24.96,35.27,44.72,54.24,63.8,70.66,68.19,59.3,47.22,33.02,21.53,4206
27.69,33.68,41.75,50.09,59.61,69.81,76.2,73.53,65.09,52.77,39.31,29.19,4207
13.82,15.38,25.8,38.92,51.5,60.37,65.24,62.93,55.53,44.45,32.31,19.2,4301
16.69,17.93,28.11,41.14,53.35,62.07,66.99,64.66,57.35,46.27,34.48,22.07,4302
17.68,19.09,28.88,41.16,53.08,61.53,66.45,64.12,56.9,46.02,34.52,22.47,4303
38.09,39.61,47.46,56.61,65.92,73.88,77.96,76.42,70.65,59.67,49.21,40.61,4401
36.42,38.34,46.51,55.95,65.09,72.96,76.89,75.3,68.99,57.6,47.26,38.59,4402
35.56,37.52,45.64,55.14,64.11,71.73,75.36,73.98,67.77,56.72,46.2,37.67,4403
32.04,33.97,42.63,52.61,62.29,70.27,74.38,72.64,66.28,54.95,44.24,34.85,4404
31.92,33.98,42.21,51.89,61.25,68.5,72.18,70.71,64.57,53.91,43.07,34.41,4405
32.97,35.17,42.98,52.07,60.84,68.02,71.29,70.23,64.66,53.74,43.26,35.09,4406
37.48,39.5,41.6,45.53,50.65,55.02,59.17,59.78,56.53,49.52,42.24,38.5,4501
38.61,40.99,43.79,48.1,53.24,57.56,61.15,61.25,57.28,50.49,43.76,39.97,4502
38.22,40.96,43.98,48.62,54.14,58.8,63.07,63.05,58.52,51.07,43.6,39.5,4503
35.2,37.98,40.79,45.57,51.21,56.04,61.26,61.47,56.87,48.84,40.66,36.46,4504
28.17,31.31,34.53,40.08,46.16,51.54,58.04,58.07,52.66,43.84,34.54,29.68,4505
24.14,28.17,33.34,40.14,47.32,53.44,60.61,60.09,53.09,42.86,31.82,25.78,4506
24.15,30.06,38.43,46.82,54.81,61.43,68.7,67.66,59.11,47.46,34.42,26.65,4507
28.75,34.85,42.54,49.77,57.58,64.42,71.5,70.07,61.69,50.5,38.12,30.77,4508
22.47,27.56,34.78,43.04,51.05,57.33,64.62,63.54,55.24,43.9,31.57,24.67,4509
28.69,33.4,39.58,46.3,53.59,60.14,67.74,66.72,58.68,48.28,37.03,30.67,4510
29.75,31.85,40.87,51.39,61.3,69.37,73.21,71.78,65.61,53.89,42.47,33.05,4601
30.55,32.6,41.39,51.62,61.25,69.03,72.74,71.35,65.37,53.78,42.59,33.68,4602
33.17,35.52,44.14,54.15,63.3,71,74.63,73.46,67.41,55.88,44.76,35.94,4603
28.43,30.43,38.74,48.67,58.04,65.24,68.76,67.5,61.79,51.07,40.17,31.3,4604
32.02,34.25,42.36,51.94,61,68.22,71.64,70.48,64.68,53.7,42.88,34.28,4605
29.96,32.04,40.68,50.89,60.8,68.54,72.54,70.9,64.53,53.28,42.35,32.95,4606
9.26,13.28,25.92,41.24,53.43,62.8,67.82,65.28,56.64,45.06,29.5,15.25,4701
10.16,13.44,25.26,40.31,52.78,62.15,66.7,64.18,55.95,44.51,29.37,15.81,4702
12.31,15.07,26.24,40.47,52.74,62.21,66.86,64.37,56.36,44.97,30.55,17.88,4703
12.42,16.56,29.4,44.58,56.54,65.94,70.63,68.09,59.58,47.74,32.18,18.2,4704
13.99,17.41,29.42,44.02,55.96,65.4,70.02,67.44,59.21,47.55,32.81,19.52,4705
16.12,18.67,29.63,42.77,54.22,64.09,69.23,67.11,59.36,47.97,34.05,21.58,4706
16.24,20.18,32.22,46.16,57.72,67.09,71.69,69.28,61.18,49.43,34.57,21.59,4707
17.4,20.69,32.32,45.85,57.41,66.92,71.52,69.15,61.33,49.62,35.29,22.55,4708
18.87,21.77,32.68,45.19,56.37,66.24,71.34,69.29,61.66,50.11,36.11,23.92,4709
15.76,18.92,24.67,33.61,42.45,50.44,58.11,56.34,47.66,37.36,24.76,17.04,4801
15.08,18.37,23.96,33.17,42.3,50.1,57.86,56.12,47.7,37.27,24.36,16.05,4802
16.58,19.81,27.48,37.25,46.67,55.58,63.11,60.94,51.83,40.76,27.28,18.17,4803
18.48,22.59,30.47,40.01,49.2,58.31,66.04,63.88,53.83,42.64,29.38,20.72,4804
20.34,23.62,31.4,41.41,50.83,60.39,68.48,66.68,56.24,44.6,31.24,22.5,4805
19.73,22.85,30.91,41.62,51.28,61.08,69.07,67.13,56.72,44.92,31.19,22.3,4806
20.82,24.35,32.36,42.69,52.32,62.67,70.49,68.5,57.93,45.7,31.94,23.07,4807
23.31,25.72,32.45,41.49,50.88,60.99,68.3,66.36,56.76,45.22,32.62,24.76,4808
17.92,21.91,29.37,38.55,48.02,57.2,64.96,62.94,53.17,41.86,28.24,19.51,4809
18.8,21.67,28.53,37.85,47.55,57.37,64.78,62.75,53.28,41.9,28.72,20.15,4810
-12.85,-14,-10.05,5.41,26.06,44.02,49.74,44.31,32.94,14.56,-1.52,-11.3,5001
3.05,4.58,8.59,21.35,37.2,49.37,53.25,50.51,42.14,27.56,13.7,4.48,5002
-3.74,1.44,9.19,25.47,42.45,54.34,56.67,51.65,41.24,23.52,6.32,-2.06,5003
-11.38,-7.31,2.92,20.76,40.73,54.57,56.84,50.6,37.94,18.48,-0.97,-8.68,5004
-1.05,4.45,11.24,25.13,38.62,48.64,51.66,47.85,38.21,23.11,7.74,1.25,5005
13.47,17.12,20.74,29.72,39.53,48.17,51.67,49.8,41.9,30.48,19.91,14.82,5006
14.54,17.55,20.47,30.41,40.65,49.06,52.98,51.75,44.93,32.99,22.76,15.51,5007
22.89,24.49,26.47,32.89,39.99,46.51,50.83,51.09,45.44,36.14,28.47,22.95,5008
18.55,21.22,24.65,31.27,38.93,45.57,48.92,48.43,42.54,33.96,24.6,20.47,5009
15.36,18.12,22.83,31.09,40.1,47.08,49.98,49.2,42.23,32.76,22.47,17.55,5010
20.48,22.77,27.09,33.77,41.22,47.58,49.24,49.4,43.97,36.36,27.07,22.67,5011
27.94,29.49,32.77,38.31,45.3,51.04,53.76,54.24,49.16,41.26,33.12,29.04,5012
27.68,27.89,28.83,33.4,38.84,44.76,49.31,50.99,46.8,39.33,33.36,29,5013